id;level_of_authority;image_profil;image_profil_content_type;mobile_phone
1;87589;../fake-data/blob/hipster.png;image/png;Rh√¥ne-Alpes SSL Loan
2;4984;../fake-data/blob/hipster.png;image/png;Generic Health
3;85132;../fake-data/blob/hipster.png;image/png;Steel Handcrafted Rustic
4;11605;../fake-data/blob/hipster.png;image/png;Fish
5;51067;../fake-data/blob/hipster.png;image/png;generating
6;93647;../fake-data/blob/hipster.png;image/png;Lanka
7;84906;../fake-data/blob/hipster.png;image/png;Tuna Ingenieur index
8;6878;../fake-data/blob/hipster.png;image/png;grow Roumanie
9;26136;../fake-data/blob/hipster.png;image/png;Avon b Account
10;70885;../fake-data/blob/hipster.png;image/png;b gold
