id;address;image_profil;image_profil_content_type;mobile_phone
1;connecting index Metal;../fake-data/blob/hipster.png;image/png;transparent
2;c SMS;../fake-data/blob/hipster.png;image/png;sticky
3;primary;../fake-data/blob/hipster.png;image/png;équatoriale front-end
4;Graphic feed Bedfordshire;../fake-data/blob/hipster.png;image/png;bandwidth Cap-Vert
5;eyeballs gold;../fake-data/blob/hipster.png;image/png;Shoes content
6;cross-media navigating c;../fake-data/blob/hipster.png;image/png;port alarm green
7;Népal;../fake-data/blob/hipster.png;image/png;Ergonomic
8;Small Handcrafted;../fake-data/blob/hipster.png;image/png;Soap Agent Steel
9;Administrateur d’Ivoire Irlande;../fake-data/blob/hipster.png;image/png;Account Account Unbranded
10;override;../fake-data/blob/hipster.png;image/png;deposit syndicate foreground
