id;working;image_profil;image_profil_content_type;mobile_phone
1;true;../fake-data/blob/hipster.png;image/png;Plastic Health b
2;true;../fake-data/blob/hipster.png;image/png;Ha√Øti set
3;true;../fake-data/blob/hipster.png;image/png;Poitou-Charentes c synthesize
4;false;../fake-data/blob/hipster.png;image/png;RAM matrix Chips
5;true;../fake-data/blob/hipster.png;image/png;hacking de
6;true;../fake-data/blob/hipster.png;image/png;c b Superviseur
7;false;../fake-data/blob/hipster.png;image/png;c Designer
8;false;../fake-data/blob/hipster.png;image/png;Awesome
9;false;../fake-data/blob/hipster.png;image/png;dot-com Automotive Shoes
10;true;../fake-data/blob/hipster.png;image/png;Borders
